text,size
Restaurants,51614
Food,19766
Bars,12680
American,10008
Nightlife,6969
Sandwiches,5864
Fast,5792
Traditional,5737
Pizza,5652
New,5181
Italian,4411
Burgers,4236
Breakfast,4122
Brunch,4103
Mexican,3935
Chinese,3775
Cafes,2893
Tea,2631
Services,2564
Coffee,2404
Event,2327
Chicken,2224
Japanese,2187
Seafood,2048
Wings,2019
Planning,2007
Salad,1850
Sushi,1833
Asian,1632
Wine,1569
Delis,1564
Fusion,1554
Mediterranean,1482
Sports,1456
Barbeque,1413
Canadian,1357
Specialty,1346
Steakhouses,1311
Thai,1291
Indian,1289
Pubs,1246
Caterers,1242
Bakeries,1200
Desserts,1150
Diners,1132
Beer,1063
Eastern,962
Middle,958
Greek,956
French,952
Vietnamese,928
Vegetarian,889
Arts,763
Spirits,756
Buffets,743
Entertainment,725
Korean,697
Ice,684
Hot,684
Tapas,678
Lounges,674
Cocktail,653
Venues,649
Tex,644
Mex,644
Yogurt,641
Cream,641
Soup,641
Frozen,641
Gluten,606
Free,606
Dogs,606
Smoothies,587
Juice,587
Comfort,584
Vegan,573
Hotels,561
Ethnic,558
Delivery,524
Caribbean,509
German,505
Gastropubs,504
Latin,469
Grocery,425
Trucks,419
Halal,394
Southern,387
Shopping,375
Small,368
Plates,368
Bagels,364
Spaces,352
Pakistani,349
Music,328
Shops,326
British,318
Travel,315
Fish,302
Chips,300
Shop,269
Noodles,263
Stands,255
Hawaiian,249
Imported,236
Soul,235
Cajun,230
Creole,230
Sum,230
Dim,230
Irish,228
Portuguese,221
European,219
Modern,216
Clubs,214
Local,214
Breweries,211
Creperies,210
Stores,208
Dive,206
Life,201
Active,199
Swabian,196
Spanish,186
Filipino,176
Bar,176
Street,175
Vendors,175
Cheesesteaks,173
Turkish,170
Markets,167
Dance,165
Lebanese,164
Taiwanese,161
Donuts,156
Flavor,155
Rooms,152
Persian,151
Iranian,151
Karaoke,150
African,144
Ramen,142
Brasseries,142
Health,134
Bistros,133
International,132
Garden,130
Party,128
Meat,126
Court,126
Bubble,106
Poutineries,106
Kosher,106
Tacos,103
Casinos,99
Falafel,98
Home,98
Hookah,92
Peruvian,92
Afghan,88
Delicatessen,85
Convenience,84
Spas,84
Internet,79
Brazilian,78
Pan,78
Pot,76
Scottish,75
Szechuan,75
Waffles,74
Ethiopian,73
Beauty,69
Cantonese,69
Wraps,67
Cuban,66
Golf,66
Kebab,66
Halls,66
Cake,65
Patisserie,65
Polish,64
Arcades,64
Butcher,62
Do,62
It,62
Yourself,62
Malaysian,61
Poke,61
Moroccan,60
Live,60
Raw,60
Pub,59
Jazz,58
Blues,58
Salvadoran,58
Pool,58
Cheese,57
Arabian,55
Centers,54
Russian,53
Organic,53
Pasta,49
Nepalese,47
Automotive,47
Himalayan,47
Fruits,45
Gardens,45
Veggies,45
Fondue,44
Mongolian,44
Belgian,44
Shaved,44
Farmers,43
Market,43
Medical,41
Flowers,40
Gifts,40
Art,40
Chocolatiers,39
Schools,39
Gelato,39
Argentine,38
Education,38
Colombian,37
Cupcakes,36
Smokehouse,36
Bowling,36
Performing,35
Fashion,34
Hair,34
Cambodian,33
Cafeteria,33
Galleries,32
Salons,32
Pretzels,31
Personal,31
Bowls,31
Acai,31
Roasteries,31
Wineries,30
Stations,30
Video,30
Wedding,28
Gas,28
Adult,27
Basque,27
Hungarian,27
Festivals,27
Books,26
Mags,25
Whiskey,24
Professional,24
Gay,24
Chefs,24
Sri,24
Lankan,24
Teppanyaki,23
Crafts,23
Cuisine,22
Repair,22
Tours,22
Indonesian,22
Gift,21
Supplies,21
Day,21
Social,21
Venezuelan,20
Hakka,20
Cooking,20
Kitchen,19
Cinema,19
Country,19
Rican,19
Public,19
Puerto,19
Bed,19
Singaporean,19
Bath,19
Estate,19
Pet,18
Resorts,18
Cakes,18
Bangladeshi,18
Custom,18
Clothing,17
Fitness,17
Real,17
Ukrainian,17
Donairs,17
Appliances,17
Candy,17
Instruction,17
s,16
Wigs,16
South,16
Furniture,16
Parks,16
Government,16
Auto,15
Activities,15
Classes,14
Dominican,14
Laotian,14
Curry,14
Florists,14
Scandinavian,13
Kids,13
Sausage,13
Tobacco,13
Massage,13
Bavarian,13
Cleaning,13
Department,12
Croatian,12
Serbo,12
Pets,12
Bookstores,12
Drugstores,12
Egyptian,12
Austrian,12
Laundry,11
Burmese,11
Speakeasies,11
Service,11
Nutritionists,11
Pools,11
Swimming,11
Buildings,10
Women,10
Amusement,10
Comedy,10
Financial,10
Decor,10
Champagne,10
Landmarks,10
Macarons,10
Historical,10
Playgrounds,10
Store,10
Australian,9
Nail,9
Empanadas,9
Haitian,9
Hobby,9
Piano,9
Community,9
Cosmetics,9
Supply,9
Transportation,9
Rentals,9
Goods,9
Theater,9
Laser,9
Dinner,9
Car,9
Amateur,8
Printing,8
Therapy,8
Teams,8
Airports,8
Profit,8
Couriers,8
Shanghainese,8
Non,8
Design,8
Sporting,8
Wholesale,7
Beverage,7
Houses,7
Tasting,7
Dry,7
Recreation,7
Izakaya,7
Ethic,7
Tag,7
Toy,7
Museums,7
Guest,7
Armenian,7
Doctors,7
Czech,7
Sugar,6
Religious,6
Bike,6
Supper,6
Vinyl,6
Rental,6
Equipment,6
Airport,6
Men,6
Organizations,6
Outlet,6
Game,6
Shacks,6
Events,6
Office,6
Antiques,6
Games,6
Yelp,6
Musicians,6
Tiki,6
Air,5
Installation,5
Shared,5
Records,5
Bartenders,5
Removal,5
Spices,5
Herbs,5
Supplements,5
Gyms,5
Vitamins,5
Contractors,5
Room,5
Tuscan,4
Wholesalers,4
Videos,4
Dealers,4
Boarding,4
Limos,4
Law,4
Gardening,4
DJs,4
Zoos,4
RV,4
Slovakian,4
Fischbroetchen,4
Paint,4
Weight,4
Hall,4
Sitting,4
Restaurant,4
Center,4
Nurseries,4
Yoga,4
Makeup,4
Glass,4
Sip,4
Iberian,4
Interior,4
Screen,4
Mini,4
Trinidadian,4
Leisure,4
Cabaret,4
Loss,4
Plumbing,4
Building,4
Tabletop,3
Syrian,3
Tax,3
Churches,3
Souvenir,3
Stylists,3
Lessons,3
Climbing,3
Honduran,3
Soccer,3
Consulting,3
Distilleries,3
Sales,3
Care,3
Shuttles,3
Discount,3
Tanning,3
Parts,3
Fishmonger,3
Cultural,3
HVAC,3
Aquariums,3
Mattresses,3
Hospitals,3
Swiss,3
Hong,3
Boating,3
Accessories,3
Oil,3
Escape,3
Studios,3
Heating,3
Pop,3
Flea,3
Maintenance,3
Shelters,3
Universities,3
Conditioning,3
Kong,3
Uzbek,3
Coffeeshops,3
Artists,3
Oriental,3
Bikes,3
Business,3
Web,3
Dentists,3
Animal,3
Colleges,3
Cafe,3
Insurance,3
Baden,3
Style,3
Jewelry,3
Barbers,3
Wash,3
Masonry,2
Electronics,2
Advertising,2
Bridal,2
CSA,2
Cemeteries,2
Customization,2
Funeral,2
Acupuncture,2
Extensions,2
Riding,2
Rock,2
Concrete,2
Vacation,2
Cosmetic,2
up,2
Assistants,2
Farms,2
Coach,2
Laundromat,2
Vintage,2
Ticket,2
Marinas,2
Water,2
Mobile,2
Change,2
Computer,2
Bingo,2
Stadiums,2
Taxis,2
Outdoor,2
Hotel,2
Duct,2
Team,2
Tattoo,2
Physical,2
Baby,2
Lakes,2
Flooring,2
Marketing,2
Landscaping,2
Consignment,2
Offices,2
Popcorn,2
Chapels,2
Skin,2
Tub,2
Martial,2
Post,2
bar,2
Trainers,2
Used,2
Arenas,2
Beach,2
Pensions,2
Pita,2
Reunion,2
IT,2
Gear,2
Apartments,2
Crawl,2
Medicine,2
Beaches,2
Bankruptcy,2
Horseback,2
Bus,2
Gardeners,2
Billiards,2
Flatbread,2
Security,2
Roofing,2
Hostels,2
Piercing,2
Vape,2
Lawyers,2
Themed,2
Advising,2
Botanical,2
Nicaraguan,2
Ski,2
Windows,2
Gun,1
Pediatricians,1
Upholstery,1
Reflexology,1
Meditation,1
Biking,1
Mulled,1
Airsoft,1
Inspectors,1
Unions,1
Keys,1
Drive,1
Practice,1
Tempura,1
Ballet,1
Cannabis,1
Pilates,1
Teeth,1
Clinics,1
Thru,1
Phones,1
Dentistry,1
Software,1
Stops,1
Opera,1
Fur,1
Development,1
Camps,1
Windshield,1
Providers,1
Senegalese,1
Vehicle,1
T,1
Parent,1
Rotisserie,1
Island,1
Septic,1
Transmission,1
Computers,1
Shirt,1
Groomers,1
Spray,1
Permanent,1
Libraries,1
Batting,1
Hiking,1
Eyelash,1
Magicians,1
Charters,1
Handyman,1
Liquidation,1
Rifle,1
Rest,1
Mauritius,1
Kombucha,1
Horse,1
Kiosk,1
Elementary,1
Exchange,1
Stationery,1
Go,1
Alsatian,1
Astrologers,1
Locksmiths,1
Minho,1
Siding,1
Brokers,1
Milkshake,1
Family,1
Accountants,1
Agents,1
Graphic,1
Magazines,1
Newspapers,1
Walkers,1
Door,1
Eyebrow,1
Friterie,1
Head,1
Castles,1
Bartending,1
Special,1
Wok,1
Investing,1
Tires,1
Psychics,1
Ranges,1
Waxing,1
Karts,1
Retreats,1
Georgian,1
Walking,1
Phone,1
Credit,1
Mosques,1
Shoe,1
Currency,1
Aquarium,1
Dog,1
Motorcycle,1
Patches,1
Snow,1
Grilling,1
Cages,1
Pumpkin,1
Body,1
Bulgarian,1
Leather,1
Chiropractors,1
Tonkatsu,1
Soba,1
Reupholstery,1
Tracks,1
Restoration,1
Pick,1
Whitening,1
Occupational,1
Framing,1
Knife,1
Systems,1
Up,1
Orthodontists,1
Fire,1
Own,1
Hainan,1
General,1
Wear,1
Comic,1
Shui,1
Boat,1
Notaries,1
Cards,1
Mountain,1
Protection,1
Truck,1
Towing,1
Pawn,1
DVDs,1
Signmaking,1
Summer,1
Counseling,1
Cardiologists,1
Mortgage,1
Podiatrists,1
Aircraft,1
Share,1
Hardware,1
Mirrors,1
Mental,1
Feng,1
Udon,1
Preschools,1
Racing,1
Your,1
Sailing,1
Palatine,1
Olive,1
Race,1
Observatories,1
Banks,1
Technicians,1
Heater,1
Veterinarians,1
Damage,1
Detailing,1
Sharpening,1
Club,1
Repairs,1
Rehabilitation,1
Surgeons,1
Guamanian,1